Model,MAE,RMSE,R2
Linear,22.20608232298594,27.3088261680421,-3.0926511463945543
Ridge,10.53666045323761,13.178785230401624,0.04687596259666571
Lasso,10.542909232797454,13.26880103402339,0.03381114150945008
RandomForest,10.320416666666672,12.321273016616429,0.1668756592987798
GradientBoosting,12.057133018582691,15.67810356259631,-0.3489185255338143
