Feature,Importance
PriceBand,0.16335675152439036
RatingTier,0.13385701181402426
CourseRating,0.050380685975609706
CourseLevel,0.0424282770579271
CourseDuration,0.0236885727896342
DurationBucket,0.006853435594512173
CourseType,0.006552851753048509
ExperienceBucket,0.0
CoursePrice,-6.343559451240654e-05
YearsOfExperience,-0.001667894817073212
Expertise,-0.00678932660060948
LevelEncoded,-0.008774205411585327
ExpertiseMatch,-0.009329216844511982
CourseCategory,-0.09214418711890246
