Model,MAE,RMSE,R2
Linear,5031.11177855456,6406.582302832072,0.9471208863536948
Ridge,3288.680487323915,4607.535680945684,0.9726492801143097
Lasso,5006.718826904675,6380.276263143526,0.9475542482071407
RandomForest,3292.436825000002,5220.195204784654,0.9648921014881772
GradientBoosting,3267.531197116558,4858.486978719085,0.9695888086594526
